captured_date,captured_time,rank,goodscode,title,list_price_yen,shop_id,shop_name,brand,ref_price_yen,sell_price_yen,timesale_price_yen,timesale_hours,megapo_coupon_pct,megapoint,watch,prev_rank,change,url
2026-07-07,23:17,1,1083259765,【えみ姉 Pick・先着GIFT付】ブースタープロX2 / 美顔器,31500,medicube,medicube(メディキューブ)公式,メディキューブ,45000,35500,35000,17:00 ~ 00:00,10,3150,,,-,https://www.qoo10.jp/gmkt.inc/goods/goods.aspx?goodscode=1083259765
2026-07-07,23:17,2,1146765461,【韓国で人気】レトックスライン / レモン酵素 / ダイエットサプリ / ダイエット / 乳酸菌・ビタミンC補給サプリ・UV/　1ヶ月分 メガポ,3141,Balanceflowofficial,[公式] MEGAHIT Official,Balance Flow,7500,3690,,17:00 ~ 00:00,10,314,,,-,https://www.qoo10.jp/gmkt.inc/goods/goods.aspx?goodscode=1146765461
2026-07-07,23:17,3,1203803624,[韓国人気] 韓方ライン / 漢方ダイエット / 漢方 / ダイエット/ダイエットサプリメント/サプリ/インナービューティー/ビタミンC (1ヶ月分) メガポ,4941,Balanceflowofficial,[公式] MEGAHIT Official,朝鮮美家,24900,6590,,17:00 ~ 00:00,10,741,,,-,https://www.qoo10.jp/gmkt.inc/goods/goods.aspx?goodscode=1203803624
2026-07-07,23:17,4,1210332851,【メガクーポン】Meta Quest 3 512GB,95000,liveshop,らいぶshop,Oculus,,105000,,,10,9500,,,-,https://www.qoo10.jp/gmkt.inc/goods/goods.aspx?goodscode=1210332851
2026-07-07,23:17,5,1209208073,【公式正規品】 チタニウムセル 4.0(ブースタージェル200mL×1本増量プレゼント) / 独自設計クロス超音波・水滴超音波搭載 美顔器 / 1・3・10・19MHz 4重周波数,80980,ocura,OCURA,OCURA,198000,100980,,,10,8098,,,-,https://www.qoo10.jp/gmkt.inc/goods/goods.aspx?goodscode=1209208073
2026-07-07,23:17,6,1096683752,【メガクーポン】Nintendo Switch ネオンブルーネオンレッド 新モデル,43470,liveshop,らいぶshop,任天堂スイッチ,,48300,,,10,4347,,,-,https://www.qoo10.jp/gmkt.inc/goods/goods.aspx?goodscode=1096683752
2026-07-07,23:17,7,1184666914,【SHIHOおすすめ！】 ボディカッサ吸引マッサジ / 美容機器 / 脚瘦せ,11695,_well247,【公式】Well247,Well247,21900,16900,12994,17:00 ~ 00:00,10,1170,,,-,https://www.qoo10.jp/gmkt.inc/goods/goods.aspx?goodscode=1184666914
2026-07-07,23:17,8,1194609111,【公式/NEW】 49リフティング&トーニングゲルマスク1PACK(5枚),3654,DrLIENJANG,Dr LIENJANG,Dr.LIENJANG,5160,4300,,17:00 ~ 00:00,30,365,,,-,https://www.qoo10.jp/gmkt.inc/goods/goods.aspx?goodscode=1194609111
2026-07-07,23:17,9,983103404,【最大46％OFF】選べる美容液1+1セット,5040,anua,Anua Qoo10 公式,アヌア,8000,5750,5600,17:00 ~ 00:00,10,504,,,-,https://www.qoo10.jp/gmkt.inc/goods/goods.aspx?goodscode=983103404
2026-07-07,23:17,10,960300946,【MEGA BEAUTY AWARDS 2025 ボディケア 1位】 デリケートゾーン 黒ずみ クリーム ナイアシンアミド 公式 ビーエヌディー アンダーアームクリーム 100g,3232,BnD_official,BnD(ビーエヌディー)Qoo10公式ショップ,BnD,7990,3990,3591,17:00 ~ 00:00,10,323,,,-,https://www.qoo10.jp/gmkt.inc/goods/goods.aspx?goodscode=960300946
2026-07-07,23:17,11,1073603287,【7/10以降順次発送】グリシルグリシン3.0ポアセラム 30ml,3060,celladix,Celladix 公式ショップ,セラディックス,4200,3500,,17:00 ~ 00:00,10,306,,,-,https://www.qoo10.jp/gmkt.inc/goods/goods.aspx?goodscode=1073603287
2026-07-07,23:17,12,1194260755,【専用100円クーポン発行中】【GIFT付】グリシルグリシンPORETIGHT10セラム30ml,2610,medicube,medicube(メディキューブ)公式,メディキューブ,3400,3000,2900,17:00 ~ 00:00,10,261,,,-,https://www.qoo10.jp/gmkt.inc/goods/goods.aspx?goodscode=1194260755
2026-07-07,23:17,13,662795782,【7/7限定特価】【ハローキティコラボ / NEW レチナール】 VTデイリーマスク (ビタミンC/アスタキサンチン/CICA/PDRN/アゼライン酸/トラネキサム酸),2145,vtcosmetics,VT(ブイティー)Qoo10公式ショップ,VTコスメティックス,,2860,,17:00 ~ 00:00,10,215,,,-,https://www.qoo10.jp/gmkt.inc/goods/goods.aspx?goodscode=662795782
2026-07-07,23:17,14,880124273,新色追加！【脱色 5回分】イージーブロウトーンチェンジャー / イージーブロウムードチェンジャー / ブリーチ / 眉毛脱色,2500,COSNORI_OFFICIAL,【公式】COSNORI OFFICIAL,コスノリ,,3000,,17:00 ~ 00:00,10,250,,,-,https://www.qoo10.jp/gmkt.inc/goods/goods.aspx?goodscode=880124273
2026-07-07,23:17,15,933902146,【メガ割・メガポ】Nintendo Switch　(有機ELモデル) HEG-S-KAAAA [ホワイト],53100,mobileshop168,モバイル販売,任天堂スイッチ,,59000,,,10,5310,,,-,https://www.qoo10.jp/gmkt.inc/goods/goods.aspx?goodscode=933902146
2026-07-07,23:17,16,1057441761,【もれなく1箱無料！】LARME ラルムシリコンハイドロゲル WモイストUV & モイスチャーUV 回らない水光　軸固定 カラコン(1箱10枚入り),3168,queeneyes,カラコン通販クイーンアイズ Qoo10店,ラルム,,3520,,,10,317,,,-,https://www.qoo10.jp/gmkt.inc/goods/goods.aspx?goodscode=1057441761
2026-07-07,23:17,17,1204421959,【公式】テカリOFF！毛穴クーリングケアセット / 皮脂・毛穴Wケア / ベタつきゼロ / 毛穴すっきり / 美容液 / トナーパッド/ 拭き取りパッド / ジェルクリーム,4189,skin1004japan,SKIN1004 OFFICIAL,SKIN1004,13715,4899,,17:00 ~ 00:00,10,419,,,-,https://www.qoo10.jp/gmkt.inc/goods/goods.aspx?goodscode=1204421959
2026-07-07,23:17,18,1119068938,【メガポ 約65％】美顔器 ELEKI LIFT / EMS エレキ リフトアップ 佐々木希アンバサダー,22000,brighte,Brighte Online Store Qoo10店,Brighte,,58000,,17:00 ~ 00:00,10,2200,,,-,https://www.qoo10.jp/gmkt.inc/goods/goods.aspx?goodscode=1119068938
2026-07-07,23:17,19,1084096945,[限定GIFT] トランスルーセントセットパウダー 全4種 脂性肌/乾燥肌/テカリ/保湿パウダー/パウダー,1408,tfit,TFIT OFFICIAL SHOP,TFIT,,1760,,17:00 ~ 00:00,10,141,,,-,https://www.qoo10.jp/gmkt.inc/goods/goods.aspx?goodscode=1084096945
2026-07-07,23:17,20,1159232586,【メガ割・メガポ】【新品】Switch 2 国内版 BEE-S-KB6CA 2025年6月5日発売,57060,mobileshop168,モバイル販売,任天堂,,63400,,,10,5706,,,-,https://www.qoo10.jp/gmkt.inc/goods/goods.aspx?goodscode=1159232586
2026-07-07,23:17,21,1159705741,【メガポ限定】 KAYOコラボセット！プロテイン/ダイエット/韓国プロテイン/韓国ダイエット/置き換えダイエット/フライミールプロテイン,5744,FULLight,FULLight 公式,FLIMEAL,14100,6482,,17:00 ~ 00:00,10,574,,,-,https://www.qoo10.jp/gmkt.inc/goods/goods.aspx?goodscode=1159705741
2026-07-07,23:17,22,1191803498,リアル ブロメライン パイナップル酵素 30本(30日分) 力価60万unit以上 消化サポート,1431,Drlean,Dr.Lean,Dr.Lean,1900,1610,,17:00 ~ 00:00,30,143,,,-,https://www.qoo10.jp/gmkt.inc/goods/goods.aspx?goodscode=1191803498
2026-07-07,23:17,23,1093984835,【7月メガポ限定GIFT付／1+1】グローターンエクソソームヘアアンプル100ml／元祖ブラシ頭皮アンプル／ふんわりアンプル／ヘアエッセンス／ヘアケア／頭皮ケア／ふんわりケア,4950,lilyeve_jp,リリーイブ（lilyeve）Qoo10公式,lily eve,8000,5600,,17:00 ~ 00:00,10,495,,,-,https://www.qoo10.jp/gmkt.inc/goods/goods.aspx?goodscode=1093984835
2026-07-07,23:17,24,1103518685,アゼライン酸15 インテンスカーミングセラム 30ml,2520,anua,Anua Qoo10 公式,アヌア,3300,2950,2800,17:00 ~ 00:00,10,252,,,-,https://www.qoo10.jp/gmkt.inc/goods/goods.aspx?goodscode=1103518685
2026-07-07,23:17,25,1191774562,【メガクーポン】Switch Lite ターコイズ,31860,liveshop,らいぶshop,任天堂,,35400,,,10,3186,,,-,https://www.qoo10.jp/gmkt.inc/goods/goods.aspx?goodscode=1191774562
2026-07-07,23:17,26,1060127471,新色販売中【2+1】モラクワンデー10枚入り 2箱+1箱おまけ付き カラコン 度なし 度あり カラーコンタクトレンズ 1day 宮脇咲良,2316,rootlens,√♡（Root lens）,モラク,3520,2599,,17:00 ~ 00:00,10,232,,,-,https://www.qoo10.jp/gmkt.inc/goods/goods.aspx?goodscode=1060127471
2026-07-07,23:17,27,1021126500,【新色登場】【2箱】グローイティアミニ 韓国 カラコン 1day 水光 1箱10枚入 レインモカ グローイティア レインブラック ビッググローイ,3073,morecon,モアコンタクト Qoo10店,OLENS,3520,3448,,17:00 ~ 00:00,10,307,,,-,https://www.qoo10.jp/gmkt.inc/goods/goods.aspx?goodscode=1021126500
2026-07-07,23:17,28,1207403236,【NEW/ブラッククッション追加購入!】 シェイキングミスト＋スパUVベースセット,3420,fwee,【fwee】フィー韓国公式ショップ,フィー,4290,3800,,,10,342,,,-,https://www.qoo10.jp/gmkt.inc/goods/goods.aspx?goodscode=1207403236
2026-07-07,23:17,29,1194260777,【公式正品】【FOREVER:CHERRY】リボンチェリー美ツヤブラシ,2790,medicube,medicube(メディキューブ)公式,メディキューブ,3600,3200,3100,17:00 ~ 00:00,10,419,,,-,https://www.qoo10.jp/gmkt.inc/goods/goods.aspx?goodscode=1194260777
2026-07-07,23:17,30,1150802402,デジタル コードレス 電話機 迷惑防止機能 子機1台付き VE-GD27DL,8982,e-kurashi,くらしのeショップ,Qoo10,,9980,,,10,898,,,-,https://www.qoo10.jp/gmkt.inc/goods/goods.aspx?goodscode=1150802402
2026-07-07,23:17,31,1114201571,PDRN ヒアルロン酸カプセル100 セラム 30ml / 50ml (単品/セット),2880,anua,Anua Qoo10 公式,アヌア,4000,3450,3200,17:00 ~ 00:00,10,288,,,-,https://www.qoo10.jp/gmkt.inc/goods/goods.aspx?goodscode=1114201571
2026-07-07,23:17,32,1018441282,【新色登場】【1箱】グローイティアミニ 韓国 カラコン 1day 水光 1箱10枚入 レインモカ グローイティア レインブラック ビッググローイ,1568,morecon,モアコンタクト Qoo10店,OLENS,,1760,,17:00 ~ 00:00,10,157,,,-,https://www.qoo10.jp/gmkt.inc/goods/goods.aspx?goodscode=1018441282
2026-07-07,23:17,33,1030757295,【7/7限定GIFT】【最大57%OFF】】【ハローキティコラボ】NO.1 針美容液 リードルショット（オリジナル美容針/ニードルショット/導入美容液）,3550,vtcosmetics,VT(ブイティー)Qoo10公式ショップ,VTコスメティックス,,4730,,17:00 ~ 00:00,10,355,,,-,https://www.qoo10.jp/gmkt.inc/goods/goods.aspx?goodscode=1030757295
2026-07-07,23:17,34,1094283659,1MONTH　ラルムメルティシリーズ (1箱2枚入り) シリーズ初の軸固定・回らない水光カラコン！,1485,queeneyes,カラコン通販クイーンアイズ Qoo10店,ラルム,,1650,,,10,149,,,-,https://www.qoo10.jp/gmkt.inc/goods/goods.aspx?goodscode=1094283659
2026-07-07,23:17,35,1190188012,【再入荷/インナードライにおすすめ】アトバリア365 ハイドロスージングクリーム 80ml クリーム セラミド ヒアルロン酸 AESTURA,2880,aestura-jp,AESTURA公式ショップ,AESTURA,,3300,,17:00 ~ 00:00,10,288,,,-,https://www.qoo10.jp/gmkt.inc/goods/goods.aspx?goodscode=1190188012
2026-07-07,23:17,36,1157361578,パナソニック Panasonic リニアシェーバー ラムダッシュ パームイン 70周年記念モデル 70th ANNIVERSARY EDITION E,40662,masami,雅美良品,Qoo10,,45180,,,10,4066,,,-,https://www.qoo10.jp/gmkt.inc/goods/goods.aspx?goodscode=1157361578
2026-07-07,23:17,37,1202310965,メガ割り 「新品」SIMフリー Pixel 10a 128GB/256GB Berry/Obsidian/Fog/Lavender,74070,mobile,アキバ問屋市場,Google,,82300,,,10,7407,,,-,https://www.qoo10.jp/gmkt.inc/goods/goods.aspx?goodscode=1202310965
2026-07-07,23:17,38,969298280,#ビジュ維持ファンデ/崩れない仕上がり/スキンレイヤー フィットファンデーション全8色,2371,about___tone_jp,ABOUT TONE Official_JP,ABOUT TONE,,3080,,17:00 ~ 00:00,10,237,,,-,https://www.qoo10.jp/gmkt.inc/goods/goods.aspx?goodscode=969298280
2026-07-07,23:17,39,1205710087,スキンバリアクールカーミングローション 100ml/クーリングケア/ひんやりコスメ/夏のスキンケア/皮脂ケア,1710,ongredientsofficial,Ongredients Official,Ongredients,,1980,,17:00 ~ 00:00,10,171,,,-,https://www.qoo10.jp/gmkt.inc/goods/goods.aspx?goodscode=1205710087
2026-07-07,23:17,40,1029825401,【メガポ限定セール＋リップGIFT付】 ハンオールブロウカラ / アイブロウ / 眉マスカラ / Qoo10 MEGA BEAUTY AWARDS 2025 3冠受賞【新色Qoo10先行発売】,1066,ROMAND,rom&amp;nd 公式ショップ,ロムアンド,,1300,,17:00 ~ 00:00,10,107,,,-,https://www.qoo10.jp/gmkt.inc/goods/goods.aspx?goodscode=1029825401
2026-07-07,23:17,41,1101775862,パナソニック【Panasonic】ヘアアイロン ストレートアイロン ナノケア ディープネイビー EH-HN50-A【高浸透ナノイー＆ミネラルマイナスイオン】キューティクル補修保護,29700,kaden-sakura,家電のSAKURA Qoo10店,Qoo10,,33000,,,10,2970,,,-,https://www.qoo10.jp/gmkt.inc/goods/goods.aspx?goodscode=1101775862
2026-07-07,23:17,42,1163807309,"【IPPNEEコラボ メガポ限定セット】【公式】 PDRN ポアタイトニング アンプル 30mL, トナーパッド 60枚 （単品・セット）毛穴ケア 美容液 韓国コスメ 低刺激 敏感肌",3422,luluhana,REJURAN_OFFICIAL,リジュラン,,4290,,17:00 ~ 00:00,10,342,,,-,https://www.qoo10.jp/gmkt.inc/goods/goods.aspx?goodscode=1163807309
2026-07-07,23:17,43,1187460051,【7/7限定GIFT】【実質最大49％/GIFT】[バズリアイテム] PDRN リードルショット ブラシヘアセラム (頭皮ケア/ヘアケア/抜け毛アンプル/リードルショット/ 針美容液),1850,vtcosmetics,VT(ブイティー)Qoo10公式ショップ,VTコスメティックス,,2640,,17:00 ~ 00:00,10,185,,,-,https://www.qoo10.jp/gmkt.inc/goods/goods.aspx?goodscode=1187460051
2026-07-07,23:17,44,775669909,【GIFT付】ゼロ毛穴パッド 70枚/155g,2160,medicube,medicube(メディキューブ)公式,メディキューブ,3000,2450,2400,17:00 ~ 00:00,10,216,,,-,https://www.qoo10.jp/gmkt.inc/goods/goods.aspx?goodscode=775669909
2026-07-07,23:17,45,1106927169,【公式】 THEVITA レチナールショットタイトニングブースター 15ml / レチナールスポットクリーム / ハリ・弾力ケア / シワ改善,2394,celimax,celimax official,celimax,3200,2800,2660,17:00 ~ 00:00,10,239,,,-,https://www.qoo10.jp/gmkt.inc/goods/goods.aspx?goodscode=1106927169
2026-07-07,23:17,46,1069270140,【1箱】【新色登場】水光カラコン ワンデー 10枚入 度あり 度なし ルナリアブラウン ルナリアグレー ルナリアオリーブ ルナリアピンク,1568,morecon,モアコンタクト Qoo10店,malunmalun,,1760,,17:00 ~ 00:00,10,157,,,-,https://www.qoo10.jp/gmkt.inc/goods/goods.aspx?goodscode=1069270140
2026-07-07,23:17,47,1020044892,キヤノン CRG-069HBLK トナーカートリッジ 069H BK ブラック,19466,yamada-denki,ヤマダ電機　Qoo10店,キヤノン,,21629,,,10,1947,,,-,https://www.qoo10.jp/gmkt.inc/goods/goods.aspx?goodscode=1020044892
2026-07-07,23:17,48,1204422003,【7月新発売】Barrier Reboot デイリーモイスチャライザー/ウォータージェルクリーム100ml,2810,anua,Anua Qoo10 公式,アヌア,4850,3700,3400,17:00 ~ 00:00,10,281,,,-,https://www.qoo10.jp/gmkt.inc/goods/goods.aspx?goodscode=1204422003
2026-07-07,23:17,49,1134977284,パナソニック【Panasonic】光エステ スムースエピ パワー＆クール グレー 光美容器 脱毛器 ES-WG0B-H【SMOOTHEPI POWER＆COOL】,108800,kaden-sakura,家電のSAKURA Qoo10店,パナソニック,,118800,,,10,10000,,,-,https://www.qoo10.jp/gmkt.inc/goods/goods.aspx?goodscode=1134977284
2026-07-07,23:17,50,1159236759,3cmミルクブラセット 無地 ノンワイヤーブラ・ショーツ上下セット [4カラー],3510,,,,,,,,,,,,-,https://www.qoo10.jp/gmkt.inc/goods/goods.aspx?goodscode=1159236759
2026-07-07,23:17,51,1116782983,パナソニック【Panasonic】リフトケア美顔器 RF美顔器 VITALIFT RF EX（バイタリフト RF EX） ブラウン EH-SR86-T【最上位モデル】,71280,kaden-sakura,家電のSAKURA Qoo10店,パナソニック,,79200,,,10,7128,,,-,https://www.qoo10.jp/gmkt.inc/goods/goods.aspx?goodscode=1116782983
2026-07-07,23:17,52,1057506158,【もれなく1箱無料！】ラルムメルティシリーズ 1day(1箱10枚入り) シリーズ初の軸固定・回らない水光カラコン！,3168,queeneyes,カラコン通販クイーンアイズ Qoo10店,ラルム,,3520,,,10,317,,,-,https://www.qoo10.jp/gmkt.inc/goods/goods.aspx?goodscode=1057506158
2026-07-07,23:17,53,909210007,【キーリング贈呈】[選べる下地日焼け止め5種]トーンアップサンクリーム 50ml 5種 SPF50+PA++++/日焼け止め/化粧下地/メイク崩れ防止,2610,dalba,ダルバ(d’Alba)公式,ダルバ,3900,3000,2900,17:00 ~ 00:00,10,261,,,-,https://www.qoo10.jp/gmkt.inc/goods/goods.aspx?goodscode=909210007
2026-07-07,23:17,54,1189962713,【選べる1+1】 固形マウスウォッシュ (30錠x2) 口臭対策 持ち運び 個包装 5つの香り エチケット,3481,nodor,Nodor Qoo10 公式,Nodor,6080,4298,,17:00 ~ 00:00,10,348,,,-,https://www.qoo10.jp/gmkt.inc/goods/goods.aspx?goodscode=1189962713
2026-07-07,23:17,55,999332513,【GIFT付 / 肌温度-8.2度】カロテンIPMP ブレミッシュセラムパックパッド 80枚,2430,aprilskin1,APRILSKIN公式,エイプリルスキン,3100,2750,2700,17:00 ~ 00:00,10,243,,,-,https://www.qoo10.jp/gmkt.inc/goods/goods.aspx?goodscode=999332513
2026-07-07,23:17,56,1172283757,【エアリーピンク新発売！・ブラッククッション追加！】 スパグロウUVトーンアップベース(01エアリーピンク・01グロウ・02リッチグロウ),2079,fwee,【fwee】フィー韓国公式ショップ,フィー,,3480,,17:00 ~ 00:00,10,208,,,-,https://www.qoo10.jp/gmkt.inc/goods/goods.aspx?goodscode=1172283757
2026-07-07,23:17,57,1094366420,【公式】韓国1位 プレミアム大容量ディフューザー 500ml×2本[hetras/へトラス],2880,hetras2,hetras official,ヘトラス,,4000,,17:00 ~ 00:00,10,288,,,-,https://www.qoo10.jp/gmkt.inc/goods/goods.aspx?goodscode=1094366420
2026-07-07,23:17,58,597136702,【累計販売数550万本突破】【選べる1+1】ウォータープルーフペンシルアイライナー ／マルチライナー 落ちない 滲まない 汗 シャドウ 持続力 アイメイク 涙袋 韓国コスメ,1764,sisterann,SISTERANN(シスターアン) 公式,SISTER ANN,3960,1980,,17:00 ~ 00:00,10,176,,,-,https://www.qoo10.jp/gmkt.inc/goods/goods.aspx?goodscode=597136702
2026-07-07,23:17,59,1097508924,[7月のメガオシ]ウォータフル パンテノール リキッド エッセンス サンセラム50ml/ミストセット/ミスト＋クッションセット,2250,dalba,ダルバ(d’Alba)公式,ダルバ,3900,3200,2500,17:00 ~ 00:00,10,225,,,-,https://www.qoo10.jp/gmkt.inc/goods/goods.aspx?goodscode=1097508924
2026-07-07,23:17,60,1156722644,【現品ギフト&めめろんコラボ】【2箱セット】 EIOM トラブルマスクパッチ イオムパック 4枚入X2 肌荒れ ニキビ 敏感肌 鎮静 毛穴 赤み 角質 ケア ティーツリー 脂性肌 皮脂,3681,eiom,EIOM（イオム）公式ショップ,EIoM,9000,4150,,17:00 ~ 00:00,10,368,,,-,https://www.qoo10.jp/gmkt.inc/goods/goods.aspx?goodscode=1156722644
2026-07-07,23:17,61,1004068932,【公式】センテラ夏肌ケアセット / 美容液 / センテラ / 日焼け止め / 化粧水 / クリーム / シートマスク/ 鎮静 / うるおい / 低刺激0000000 / 韓国コスメ,3856,skin1004japan,SKIN1004 OFFICIAL,SKIN1004,10859,4509,,17:00 ~ 00:00,10,386,,,-,https://www.qoo10.jp/gmkt.inc/goods/goods.aspx?goodscode=1004068932
2026-07-07,23:17,62,869317232,【公式/メガポ限定GIFT】ダーマシンコンシーラー 5g 12種 / 薬局コスメ/ 肌荒れカバー/ニキビ跡カバー/ドクダミ成分,1422,23yearsold_official,23yearsold_official,23yearsold,3200,3100,,17:00 ~ 00:00,10,142,,,-,https://www.qoo10.jp/gmkt.inc/goods/goods.aspx?goodscode=869317232
2026-07-07,23:17,63,1203203546,【Qoo10先行発売】ハグレイヤーチーク / 毛穴ぼかしチーク / 高品質ハグブラシ付き / 全7色,1881,hinceofficial,hince official,hince,,2200,,17:00 ~ 00:00,10,188,,,-,https://www.qoo10.jp/gmkt.inc/goods/goods.aspx?goodscode=1203203546
2026-07-07,23:17,64,1162124962,【メガクーポン】Nintendo Switch 2 マリオカート ワールドセット 日本語・国内専用,64800,liveshop,らいぶshop,任天堂スイッチ,,72000,,,10,6480,,,-,https://www.qoo10.jp/gmkt.inc/goods/goods.aspx?goodscode=1162124962
2026-07-07,23:17,65,1079609281,【総額4078円相当/完売のクリーム&化粧水ギフト付】[1位クリーム] アトバリア 365 クリーム 80ml セット 保湿 セラミド エストラ AESTURA 公式 スキンケア,2880,aestura-jp,AESTURA公式ショップ,AESTURA,,3300,,17:00 ~ 00:00,10,288,,,-,https://www.qoo10.jp/gmkt.inc/goods/goods.aspx?goodscode=1079609281
2026-07-07,23:17,66,1044342313,"【新味発売！】コレオロジーカットゼリー 10本/7本/ダイエットゼリー/コレオロジーカットPRO30錠(体脂肪+血糖値+炭水化物, 便秘)",3852,foodology,FOODOLOGY（フードオロジー）Qoo10公式ショップ,FOODOLOGY,8600,4480,,17:00 ~ 00:00,10,385,,,-,https://www.qoo10.jp/gmkt.inc/goods/goods.aspx?goodscode=1044342313
2026-07-07,23:17,67,1207298624,【ティント贈呈】UVシールドリップバーム4g / セラム5ml SPF50+ PA++++,2133,lakaofficial,Laka 公式ショップ,Laka,,2400,,17:00 ~ 00:00,10,213,,,-,https://www.qoo10.jp/gmkt.inc/goods/goods.aspx?goodscode=1207298624
2026-07-07,23:17,68,1003435423,【最大51％OFF】 選べる美容液1＋1セット,3837,medicube,medicube(メディキューブ)公式,メディキューブ,6800,4350,4263,17:00 ~ 00:00,10,384,,,-,https://www.qoo10.jp/gmkt.inc/goods/goods.aspx?goodscode=1003435423
2026-07-07,23:17,69,979030998,【リフィル&GIFT付き】ヒーロークッション 12g (SPF 50+ / PA++++),3330,aprilskin1,APRILSKIN公式,エイプリルスキン,4100,3750,3700,17:00 ~ 00:00,10,333,,,-,https://www.qoo10.jp/gmkt.inc/goods/goods.aspx?goodscode=979030998
2026-07-07,23:17,70,1127875195,【りゅう割特価】【7/10以降順次発送】トリプルレチノールウォッシュピール 30ml,3060,celladix,Celladix 公式ショップ,セラディックス,5000,3500,,17:00 ~ 00:00,10,306,,,-,https://www.qoo10.jp/gmkt.inc/goods/goods.aspx?goodscode=1127875195
2026-07-07,23:17,71,1040221567,【公式】【ハローキティ】ソフトブラーリング アイパレット ／無双確定アイパレット／ 神パレット ／アイシャドウパレット,2511,wakemake_official,WAKEMAKE Official,ウェイクメイク,3980,3350,,17:00 ~ 00:00,10,377,,,-,https://www.qoo10.jp/gmkt.inc/goods/goods.aspx?goodscode=1040221567
2026-07-07,23:17,72,1097900510,【メガクーポン】Switch Lite コーラル,32220,liveshop,らいぶshop,任天堂,,35800,,,10,3222,,,-,https://www.qoo10.jp/gmkt.inc/goods/goods.aspx?goodscode=1097900510
2026-07-07,23:17,73,715111548,【3箱】【新色】水光カラコン【最安値挑戦！】カラコン 1day 度あり 10枚入り 度なし カラーコンタクトレンズ ワンデー ぱちくりベアー ゆめみるペガサス 華麗なキツネ,2880,morecon,モアコンタクト Qoo10店,Flurry,4455,3232,,17:00 ~ 00:00,10,288,,,-,https://www.qoo10.jp/gmkt.inc/goods/goods.aspx?goodscode=715111548
2026-07-07,23:17,74,1195041948,"【新商品】 3番 キメブースター時短バブルパック, 90ml",1782,numbuzin,ナンバーズイン韓国公式 numbuzin,ナンバーズイン,,3950,,17:00 ~ 00:00,10,178,,,-,https://www.qoo10.jp/gmkt.inc/goods/goods.aspx?goodscode=1195041948
2026-07-07,23:17,75,1013196479,【単品・選べる2点セット】お好みで選べる全分厚いふき取りトナーパッド13種/水分保湿 キャロット/美肌痕跡ナイアシンアミド/光彩保湿バナナPDRN/美肌栄養ライス,3510,SKINFOODHQ,SKINFOOD 公式ストア,スキンフード,6160,4000,,17:00 ~ 00:00,10,527,,,-,https://www.qoo10.jp/gmkt.inc/goods/goods.aspx?goodscode=1013196479
2026-07-07,23:17,76,1084089217,[限定GIFT] アートプライマー 30ml 全5種 /毛穴カバー/保湿/トーンアップ/グロウ/下地/日焼け止め/水分/プライマー/毛穴隠し/ツヤ/化粧ノリ/メイクノリ/メイク崩れ,1496,tfit,TFIT OFFICIAL SHOP,TFIT,,1870,,17:00 ~ 00:00,10,150,,,-,https://www.qoo10.jp/gmkt.inc/goods/goods.aspx?goodscode=1084089217
2026-07-07,23:17,77,1045306263,【7/10以降順次発送】131ポアセラム 30ml,2655,celladix,Celladix 公式ショップ,セラディックス,4400,3050,,17:00 ~ 00:00,10,266,,,-,https://www.qoo10.jp/gmkt.inc/goods/goods.aspx?goodscode=1045306263
2026-07-07,23:17,78,965406886,【2個セット】【ダイエットサポート】コレオロジーカットPRO 120錠(60日分) (体脂肪+血糖値+炭水化物ケア・サポート)/1ヶ月セット/カットゼリー/単品,6012,foodology,FOODOLOGY（フードオロジー）Qoo10公式ショップ,FOODOLOGY,13960,6880,,17:00 ~ 00:00,10,601,,,-,https://www.qoo10.jp/gmkt.inc/goods/goods.aspx?goodscode=965406886
2026-07-07,23:17,79,1161425530,Panasonic 完全ワイヤレスイヤホン Technics EAH-AZ100-N シャンパンゴールド,34650,HB-1,販売一丁目,パナソニック,,38500,,,10,3465,,,-,https://www.qoo10.jp/gmkt.inc/goods/goods.aspx?goodscode=1161425530
2026-07-07,23:17,80,854993704,【公式】サロン10 ペプチドリペアヘアケア 選べる2個セット / ダメージヘアケア シャンプー トリートメント セット ヘアオイル ヘアミスト,2913,AmorepacificDailyBeauty,AMOREPACIFIC DAILY BEAUTY,ミジャンセン,,4640,,17:00 ~ 00:00,10,437,,,-,https://www.qoo10.jp/gmkt.inc/goods/goods.aspx?goodscode=854993704
2026-07-07,23:17,81,1057473219,[メガポ] [当店特典8枚贈呈] ATEEZ SEONGHWA POEM BOOK [Before Sleep] ソンファ 詩 公式グッズ フォトブック,8685,sonagimusic,sonagimusic,KQエンターテインメント,,9650,,,10,869,,,-,https://www.qoo10.jp/gmkt.inc/goods/goods.aspx?goodscode=1057473219
2026-07-07,23:17,82,1025132421,【がよん’ｓPick】初＆限定スペシャルコラボセット/ダイエットサポート/コレオロジーカットPRO/コレオロジーカットゼリー/お試しセット/1ヶ月セット,8748,foodology,FOODOLOGY（フードオロジー）Qoo10公式ショップ,FOODOLOGY,22460,9820,,17:00 ~ 00:00,10,875,,,-,https://www.qoo10.jp/gmkt.inc/goods/goods.aspx?goodscode=1025132421
2026-07-07,23:17,83,1102093327,【公式】NEWブルーベリーヨーグルト味！フライミールシェイク大容量 2個セット（1個当たり630g/択2） 1回分45g基準/韓国/タンパク質/ダイエット/プロテイン,6635,FULLight,FULLight 公式,FLIMEAL,11660,7760,,17:00 ~ 00:00,10,664,,,-,https://www.qoo10.jp/gmkt.inc/goods/goods.aspx?goodscode=1102093327
2026-07-07,23:17,84,1196826481,【3個セット】【食後ダイエットゼリー】コレオロジーカットゼリー 30本 (体脂肪+血糖値+炭水化物ケア・サポート)/1ヶ月セット/カットゼリー10本/快便ゼリー/アサビゼリー,5112,foodology,FOODOLOGY（フードオロジー）Qoo10公式ショップ,FOODOLOGY,12900,5780,,17:00 ~ 00:00,10,511,,,-,https://www.qoo10.jp/gmkt.inc/goods/goods.aspx?goodscode=1196826481
2026-07-07,23:17,85,1084378714,【NEW】UV パウダー メイクキープUP MEGA BEAUTY AWARDS パウダー 3位 セッティング パウダー トランスルーセントブルーリングルースパウダー,2078,perfectdiary,PerfectDiary公式,PERFECT DIARY,,5238,,17:00 ~ 00:00,10,208,,,-,https://www.qoo10.jp/gmkt.inc/goods/goods.aspx?goodscode=1084378714
2026-07-07,23:17,86,1046651159,【たっぷり300ml】超低分子ヒアルロン酸トナー NCT JAEMIN PICK！インナードライ 3秒水分チャージ 乾燥肌 混合肌 保湿 さっぱり 潤い,2178,isntree,isntree(イズエンツリー)公式,イズエンツリー,2800,2620,,17:00 ~ 00:00,10,218,,,-,https://www.qoo10.jp/gmkt.inc/goods/goods.aspx?goodscode=1046651159
2026-07-07,23:17,87,1160681198,ビタミン10 PORESTRIX セラム 20ml,2520,anua,Anua Qoo10 公式,アヌア,3300,2950,2800,17:00 ~ 00:00,10,252,,,-,https://www.qoo10.jp/gmkt.inc/goods/goods.aspx?goodscode=1160681198
2026-07-07,23:17,88,871502336,【最大52%OFF】【GIFT付】選べるトナーパッド1+1セット,3872,medicube,medicube(メディキューブ)公式,メディキューブ,7000,4350,4302,17:00 ~ 00:00,10,387,,,-,https://www.qoo10.jp/gmkt.inc/goods/goods.aspx?goodscode=871502336
2026-07-07,23:17,89,976315843,【まとめ買いがお得】強炭酸水 500ml 48本 2箱 選べる フレーバー シリカ ラベルレス 強炭酸 炭酸水 OZA SODA LIFEDRINK 無糖,2511,lifedrink,LIFEDRINKオンラインストア,OZA SODA,,3099,,17:00 ~ 00:00,10,251,,,-,https://www.qoo10.jp/gmkt.inc/goods/goods.aspx?goodscode=976315843
2026-07-07,23:17,90,1003093010,【公式/選べる1+1】大容量アンプル1+1セット / 美容液 / セラム / センテラ / ヒアルロン酸 / ティーツリ / カーミング / うるおい / 保湿 / 毛穴ケア / トーンアップ,4053,skin1004japan,SKIN1004 OFFICIAL,SKIN1004,9430,4740,,17:00 ~ 00:00,10,405,,,-,https://www.qoo10.jp/gmkt.inc/goods/goods.aspx?goodscode=1003093010
2026-07-07,23:17,91,1005486385,【クレンジングティッシュGIFT】【抹茶クレンジング】【1+1】大人気 クレンジングバーム 180ml【選べる3種】 W洗顔不要 クリーンイットゼロ オリジナル 潤い 抹茶 毛穴ケア,4455,banilaco,BANILA CO 公式,バニラコ,6500,5040,,17:00 ~ 00:00,10,446,,,-,https://www.qoo10.jp/gmkt.inc/goods/goods.aspx?goodscode=1005486385
2026-07-07,23:17,92,1061172932,【7/7~追加割引】【公式】選べるハイドロゲルマスク8枚セット(コラーゲン／キャビアPDRN／セラノール／ビタ／シーケルプ),3168,Biodance,Biodance公式ショップ,Biodance,6400,4400,,17:00 ~ 00:00,10,317,,,-,https://www.qoo10.jp/gmkt.inc/goods/goods.aspx?goodscode=1061172932
2026-07-07,23:17,93,1142786129,"【エステ級の水玉超音波を自宅で！最終26,538】MINITUNE 水玉 超音波 美顔器 ミニチューン 3重クロス超音波",32820,quadthera,Quadthera(クアッドセラ)公式,Quadthera,72450,39800,,,10,3282,,,-,https://www.qoo10.jp/gmkt.inc/goods/goods.aspx?goodscode=1142786129
2026-07-07,23:17,94,1003093003,【公式】センテラアンプルマダガスカル産CICA ベース美容液 30ml / 55ml / 100ml,2137,skin1004japan,SKIN1004 OFFICIAL,SKIN1004,3429,2500,,17:00 ~ 00:00,10,214,,,-,https://www.qoo10.jp/gmkt.inc/goods/goods.aspx?goodscode=1003093003
2026-07-07,23:17,95,1162881369,【1day 1箱】「新色」キャットティチュード 韓国 カラコン 水光カラコン 子猫カラコン シュガーハイ アイアム ビーン ドーリー 1箱10枚 UVカット ウォニョンレンズ,1684,hapakristin,【公式】HapaKristin,Hapa Kristin,,1890,,17:00 ~ 00:00,10,168,,,-,https://www.qoo10.jp/gmkt.inc/goods/goods.aspx?goodscode=1162881369
2026-07-07,23:17,96,1169699173,【2+1】【新シリーズ登場】ルートレンズ 10枚入り 水光 ダブルハイライト 度なし 度あり UVカット カラコン カラーコンタクトレンズ 1day 古園井寧々 MORUN モルン Rootlens,2221,rootlens,√♡（Root lens）,Root lens,,2493,,17:00 ~ 00:00,10,222,,,-,https://www.qoo10.jp/gmkt.inc/goods/goods.aspx?goodscode=1169699173
2026-07-07,23:17,97,1190002485,Well 247 ボディカットチューンフィット V2 / ボディライン・むくみケア・脚瘦せ多機能デバイス 美顔器,15204,_well247,【公式】Well247,Well247,21900,18900,,,10,1520,,,-,https://www.qoo10.jp/gmkt.inc/goods/goods.aspx?goodscode=1190002485
2026-07-07,23:17,98,1043733766,【3日限定特価】【Qoo10アワーズクリーム1位】3Dリフティングクリーム(本品50ml＋リフィル50ml) or 朝ちゅる・夜タンセット( 3Dクリーム50ml+コラーゲンクリーム50ml),4941,biohealboh_official,BIOHEAL BOH Official,バイオヒールボ,,6300,,17:00 ~ 00:00,10,741,,,-,https://www.qoo10.jp/gmkt.inc/goods/goods.aspx?goodscode=1043733766
2026-07-07,23:17,99,1207647585,"【メガポ期間 4,998円相当】【正規品】ラッシュアディクトアイラッシュ コンディショニング セラム アドバンス 5ml まつげ美容液 まつ毛美容液 エクステ マスカラ マツエク対応 Q",5553,themarket,themarket,soaddicted,,11000,,17:00 ~ 00:00,10,555,,,-,https://www.qoo10.jp/gmkt.inc/goods/goods.aspx?goodscode=1207647585
2026-07-07,23:17,100,1175329207,[1+1特典] ライクミール プロテインシェイク 8種 450g+450g 大容量 タンパク質補給 サポート ヘルシー ダイエット,3953,fromtoday,[今日から] Official Shop,今日から,6800,4880,,17:00 ~ 00:00,10,593,,,-,https://www.qoo10.jp/gmkt.inc/goods/goods.aspx?goodscode=1175329207
